<?xml version='1.0' encoding='UTF-8'?>
<mds:customization version="11.1.1.71.67" xmlns:mds="http://xmlns.oracle.com/mds" motype_local_name="schema" motype_nsuri="http://www.w3.org/2001/XMLSchema" application-id="ORA_CRM_UIAPP" rootNodeReplacement="true">
   <mds:replace node="(xmlns(xsd=http://www.w3.org/2001/XMLSchema))/xsd:schema">
      <xsd:schema xmlns:xsd="http://www.w3.org/2001/XMLSchema" xmlns:sdoJava="commonj.sdo/java" xmlns:ns0="http://xmlns.oracle.com/adf/svc/types/" xmlns:sdoXML="commonj.sdo/xml" xmlns:sdo="commonj.sdo" targetNamespace="http://xmlns.oracle.com/apps/crm/service/svcMgmt/srMgmt/srMgmtService/" xmlns="http://xmlns.oracle.com/apps/crm/service/svcMgmt/srMgmt/srMgmtService/" elementFormDefault="qualified" sdoJava:package="oracle.apps.crm.service.svcMgmt.srMgmt.srMgmtService">
         <xsd:annotation xmlns:xsd="http://www.w3.org/2001/XMLSchema">
            <xsd:documentation xmlns:xsd="http://www.w3.org/2001/XMLSchema" xmlns:oer="http://xmlns.oracle.com/oer">
               <name>Service Request</name>
               <description>Header level information about a request from a customer for service from the time the customer makes the request until the request is resolved. For example, if a customer has an issue with their laptop battery draining too fast, the details of the customer and the issue they are facing is stored in the service request header.</description>
               <oer:attributes xmlns:oer="http://xmlns.oracle.com/oer">
                  <oer:attribute xmlns:oer="http://xmlns.oracle.com/oer" name="SrId" description="The unique ID of the service request record."/>
                  <oer:attribute xmlns:oer="http://xmlns.oracle.com/oer" name="SrNumber" description="The unique number that is used to identify a service request. You can customize the service requestNumber to a format that is best suitable to your oragnizational requirements."/>
                  <oer:attribute xmlns:oer="http://xmlns.oracle.com/oer" name="Title" description="A brief title of the service request."/>
                  <oer:attribute xmlns:oer="http://xmlns.oracle.com/oer" name="ProblemDescription" description="The service request's problem description/statement and the steps to reproduce the issue."/>
                  <oer:attribute xmlns:oer="http://xmlns.oracle.com/oer" name="SeverityCd" description="Indicates the severity of the service request."/>
                  <oer:attribute xmlns:oer="http://xmlns.oracle.com/oer" name="AssigneeResourceId" description="The ID of the resource (for example, a support engineer) assigned to the service request."/>
                  <oer:attribute xmlns:oer="http://xmlns.oracle.com/oer" name="AssigneePartyId" description="The unique party object ID of the service request assignee."/>
                  <oer:attribute xmlns:oer="http://xmlns.oracle.com/oer" name="AssigneePersonName" description="The email address of the assignee."/>
                  <oer:attribute xmlns:oer="http://xmlns.oracle.com/oer" name="AssigneeEmailAddress" description="The email address of the assignee"/>
                  <oer:attribute xmlns:oer="http://xmlns.oracle.com/oer" name="AssigneeFormattedPhoneNumber" description="Indicates the phone number of the resource to whom the service request is assigned."/>
                  <oer:attribute xmlns:oer="http://xmlns.oracle.com/oer" name="AssigneeFormattedAddress" description="Formatted Address of the SR Assignee."/>
                  <oer:attribute xmlns:oer="http://xmlns.oracle.com/oer" name="CreatedBy" description="The user who created the service request."/>
                  <oer:attribute xmlns:oer="http://xmlns.oracle.com/oer" name="CreationDate" description="The date and time when the service request was created."/>
                  <oer:attribute xmlns:oer="http://xmlns.oracle.com/oer" name="LastUpdateDate" description="The date and time when the service request was last updated."/>
                  <oer:attribute xmlns:oer="http://xmlns.oracle.com/oer" name="LastUpdateLogin" description="The application login id of the user who last updated the service request."/>
                  <oer:attribute xmlns:oer="http://xmlns.oracle.com/oer" name="LastUpdatedBy" description="The user who last updated the service request."/>
                  <oer:attribute xmlns:oer="http://xmlns.oracle.com/oer" name="LastUpdatedByDisplayName" description="The display name of the user who last updated the service request."/>
                  <oer:attribute xmlns:oer="http://xmlns.oracle.com/oer" name="LastUpdatedByPartyId" description="Indicates the Party ID of the person who last updated the service request."/>
                  <oer:attribute xmlns:oer="http://xmlns.oracle.com/oer" name="LastUpdatedByEmailAddress" description="Indicates the e-mail address of the person who last updated the service request."/>
                  <oer:attribute xmlns:oer="http://xmlns.oracle.com/oer" name="AccountPartyId" description="The unique party object ID of the account associated to the service request."/>
                  <oer:attribute xmlns:oer="http://xmlns.oracle.com/oer" name="AccountPartyUniqueName" description="The unique party name associated with the account."/>
                  <oer:attribute xmlns:oer="http://xmlns.oracle.com/oer" name="AccountPartyName" description="The party name associated with the account."/>
                  <oer:attribute xmlns:oer="http://xmlns.oracle.com/oer" name="AccountPartyEmailAddress" description="Indicates the e-mail ID of the account on the service request."/>
                  <oer:attribute xmlns:oer="http://xmlns.oracle.com/oer" name="AccountPartyFormattedPhoneNumber" description="Indicates the formatted phone number of the account on the service request."/>
                  <oer:attribute xmlns:oer="http://xmlns.oracle.com/oer" name="AccountPartyPreferredContactMethod" description="Indicates the preferred contact method of the account on the service request."/>
                  <oer:attribute xmlns:oer="http://xmlns.oracle.com/oer" name="PartnerAccountPartyId" description="The unique party object ID of the partner account associated with the service request."/>
                  <oer:attribute xmlns:oer="http://xmlns.oracle.com/oer" name="PartnerAccountPartyName" description="The party name associated with the partner."/>
                  <oer:attribute xmlns:oer="http://xmlns.oracle.com/oer" name="PartnerAccountPartyUniqueName" description="The unique party name associated with the partner."/>
                  <oer:attribute xmlns:oer="http://xmlns.oracle.com/oer" name="OwnerTypeCd" description="Indicates the type of the service request owner. For example, the owner of the service request may be a customer or a partner."/>
                  <oer:attribute xmlns:oer="http://xmlns.oracle.com/oer" name="PrimaryContactPartyId" description="The unique ID of the contact who intially reported the service request. The contact is also the primary contact of the service request."/>
                  <oer:attribute xmlns:oer="http://xmlns.oracle.com/oer" name="PrimaryContactPartyUniqueName" description="The unique party name associated with the primary contact."/>
                  <oer:attribute xmlns:oer="http://xmlns.oracle.com/oer" name="PrimaryContactPartyName" description="Indicates the name of the service request primary contact."/>
                  <oer:attribute xmlns:oer="http://xmlns.oracle.com/oer" name="PrimaryContactFormattedPhoneNumber" description="Indicates the service request primary contact's formatted phone number"/>
                  <oer:attribute xmlns:oer="http://xmlns.oracle.com/oer" name="PrimaryContactEmailAddress" description="Indicates the e-mail of the primary contact associated with the service request."/>
                  <oer:attribute xmlns:oer="http://xmlns.oracle.com/oer" name="PrimaryContactPreferredContactMethod" description="Indicates the preferred contact method of the primary contact of the service request."/>
                  <oer:attribute xmlns:oer="http://xmlns.oracle.com/oer" name="PrimaryContactFormattedAddress" description="Indicates the formatted address  of the primary contact of the service request."/>
                  <oer:attribute xmlns:oer="http://xmlns.oracle.com/oer" name="PrimaryContactDoNotContactFlag" description="Indicates that the primary contact of the service request does not want to be contacted."/>
                  <oer:attribute xmlns:oer="http://xmlns.oracle.com/oer" name="CategoryId" description="The unique ID of the service request category."/>
                  <oer:attribute xmlns:oer="http://xmlns.oracle.com/oer" name="ClosedDate" description="The date when the service request was closed (if closed)."/>
                  <oer:attribute xmlns:oer="http://xmlns.oracle.com/oer" name="CorpCurrencyCode" description="The corporate currency code."/>
                  <oer:attribute xmlns:oer="http://xmlns.oracle.com/oer" name="CurcyConvRateType" description="The corporate currency conversion rate type."/>
                  <oer:attribute xmlns:oer="http://xmlns.oracle.com/oer" name="CurrencyCode" description="The currency code."/>
                  <oer:attribute xmlns:oer="http://xmlns.oracle.com/oer" name="OpenDate" description="The date when the service request was reported by the customer."/>
                  <oer:attribute xmlns:oer="http://xmlns.oracle.com/oer" name="ReportedByPartyId" description="The user who created the service request in the system."/>
                  <oer:attribute xmlns:oer="http://xmlns.oracle.com/oer" name="ReportedByPartyUniqueName" description="The unique name of the user who created the service request."/>
                  <oer:attribute xmlns:oer="http://xmlns.oracle.com/oer" name="ReportedByPartyName" description="Reported By Party Name"/>
                  <oer:attribute xmlns:oer="http://xmlns.oracle.com/oer" name="ReportedByEmailAddress" description="Indicates the e-mail address of the person who reported the service request."/>
                  <oer:attribute xmlns:oer="http://xmlns.oracle.com/oer" name="ReportedByFormattedPhoneNumber" description="Indicates the formatted phone number of the person who reported the service request."/>
                  <oer:attribute xmlns:oer="http://xmlns.oracle.com/oer" name="ProblemCd" description="Indicates the problem code of the service request."/>
                  <oer:attribute xmlns:oer="http://xmlns.oracle.com/oer" name="ProdGroupId" description="The unique identifire of the product group associated to the service request."/>
                  <oer:attribute xmlns:oer="http://xmlns.oracle.com/oer" name="ProdGroupName" description="The name of the product group associated to the service request."/>
                  <oer:attribute xmlns:oer="http://xmlns.oracle.com/oer" name="InventoryItemId" description="The unique ID of the product associated to the service request."/>
                  <oer:attribute xmlns:oer="http://xmlns.oracle.com/oer" name="InventoryOrgId" description="The unique ID of the organization of the product that is associated with the service request."/>
                  <oer:attribute xmlns:oer="http://xmlns.oracle.com/oer" name="ProductItemOrgId" description="Indicates the product organization."/>
                  <oer:attribute xmlns:oer="http://xmlns.oracle.com/oer" name="ProductItemDescription" description="The description of the product associated with the service request."/>
                  <oer:attribute xmlns:oer="http://xmlns.oracle.com/oer" name="ProductItemNumber" description="The product number/code of the product associated with the service request."/>
                  <oer:attribute xmlns:oer="http://xmlns.oracle.com/oer" name="AssetId" description="The unique ID of the asset associated to the service request."/>
                  <oer:attribute xmlns:oer="http://xmlns.oracle.com/oer" name="AssetSerialNumber" description="The serial number of the asset that is associated to the service request."/>
                  <oer:attribute xmlns:oer="http://xmlns.oracle.com/oer" name="AssetNumber" description="The Asset Number of the asset that is associated to the service request"/>
                  <oer:attribute xmlns:oer="http://xmlns.oracle.com/oer" name="QueueId" description="The unique ID of the queue to which the service request is assigned."/>
                  <oer:attribute xmlns:oer="http://xmlns.oracle.com/oer" name="LastReopenDate" description="The date and time when the service request was last reopened."/>
                  <oer:attribute xmlns:oer="http://xmlns.oracle.com/oer" name="LastResolvedDate" description="The date and time when the service request was resolved."/>
                  <oer:attribute xmlns:oer="http://xmlns.oracle.com/oer" name="ResolutionCd" description="Indicates the resolution code of the service request."/>
                  <oer:attribute xmlns:oer="http://xmlns.oracle.com/oer" name="SourceCd" description="Indicates how the service request was created in the application."/>
                  <oer:attribute xmlns:oer="http://xmlns.oracle.com/oer" name="ChannelTypeCd" description="Indicates the channel type."/>
                  <oer:attribute xmlns:oer="http://xmlns.oracle.com/oer" name="StatusCd" description="Indicates the status code of the service request."/>
                  <oer:attribute xmlns:oer="http://xmlns.oracle.com/oer" name="InternalPriorityCd" description="Indicates the internal priority of the service request."/>
                  <oer:attribute xmlns:oer="http://xmlns.oracle.com/oer" name="LanguageCd" description="The customer's preferred language for the service request."/>
                  <oer:attribute xmlns:oer="http://xmlns.oracle.com/oer" name="StatusTypeCd" description="Indicates the status type of the service request."/>
                  <oer:attribute xmlns:oer="http://xmlns.oracle.com/oer" name="SrCreatedBy" description="The user who created the service request."/>
                  <oer:attribute xmlns:oer="http://xmlns.oracle.com/oer" name="QueueName" description="The name of the queue associated to the service request."/>
                  <oer:attribute xmlns:oer="http://xmlns.oracle.com/oer" name="CriticalFlag" description="Indicates whether the service request is critical. If critical, the value is Y, else the value is N."/>
                  <oer:attribute xmlns:oer="http://xmlns.oracle.com/oer" name="OriginalSystemReference" description="The reference to the service request record in the original system from which service request was imported (if imported)."/>
                  <oer:attribute xmlns:oer="http://xmlns.oracle.com/oer" name="CategoryName" description="The name of the category associated to the service request."/>
                  <oer:attribute xmlns:oer="http://xmlns.oracle.com/oer" name="SrLastUpdateDate" description="The date and time when the service request was last updated."/>
                  <oer:attribute xmlns:oer="http://xmlns.oracle.com/oer" name="SrLastUpdateLogin" description="The application login id of the user who last updated the service request."/>
                  <oer:attribute xmlns:oer="http://xmlns.oracle.com/oer" name="SrLastUpdatedBy" description="The user who last updated the service request."/>
                  <oer:attribute xmlns:oer="http://xmlns.oracle.com/oer" name="StripeCd" description="Indicates the application context of the service request."/>
                  <oer:attribute xmlns:oer="http://xmlns.oracle.com/oer" name="SeverityColorCd" description="Indicates the color code for the severity of the service requet"/>
                  <oer:attribute xmlns:oer="http://xmlns.oracle.com/oer" name="ChannelId" description="Indicates the service request channel."/>
                  <oer:attribute xmlns:oer="http://xmlns.oracle.com/oer" name="SrMilestoneId" description="The unique ID of the milestone associated to the service request."/>
                  <oer:attribute xmlns:oer="http://xmlns.oracle.com/oer" name="MilestoneLabel" description="User defined name for the milestone."/>
                  <oer:attribute xmlns:oer="http://xmlns.oracle.com/oer" name="ComplianceFlag" description="Indicates the compliance status of the milestone."/>
                  <oer:attribute xmlns:oer="http://xmlns.oracle.com/oer" name="DueDate" description="Indicates the due date of the milestone."/>
                  <oer:attribute xmlns:oer="http://xmlns.oracle.com/oer" name="HeaderFlag" description="Indicates if the current milestone should be saved on the service request header."/>
                  <oer:attribute xmlns:oer="http://xmlns.oracle.com/oer" name="MilestoneConfigId" description="The unique ID of the milestone configuration associated with the service request."/>
                  <oer:attribute xmlns:oer="http://xmlns.oracle.com/oer" name="MilestoneStatusCd" description="Indicates the status of the milestone."/>
                  <oer:attribute xmlns:oer="http://xmlns.oracle.com/oer" name="WarnedFlag" description="Indicates that the milestone passed the warning threshold."/>
                  <oer:attribute xmlns:oer="http://xmlns.oracle.com/oer" name="TimeRemaining" description="Indicates the time remaining in the milestone"/>
                  <oer:attribute xmlns:oer="http://xmlns.oracle.com/oer" name="SocialPrivateFlag" description="Indicates if the service request was created from a private social post."/>
                  <oer:attribute xmlns:oer="http://xmlns.oracle.com/oer" name="BUOrgId" description="The unique ID of the business unit name associated to the service request."/>
                  <oer:attribute xmlns:oer="http://xmlns.oracle.com/oer" name="BusinessUnitName" description="The name of the business unit associated to the service request"/>
                  <oer:attribute xmlns:oer="http://xmlns.oracle.com/oer" name="RecordSet" description="Used by REST API to run saved searches."/>
                  <oer:attribute xmlns:oer="http://xmlns.oracle.com/oer" name="UpdateFlag" description="This flag controls if the user has access to update the record"/>
                  <oer:attribute xmlns:oer="http://xmlns.oracle.com/oer" name="DeleteFlag" description="This flag controls if the user has access to delete the record"/>
                  <oer:attribute xmlns:oer="http://xmlns.oracle.com/oer" name="SeverityRank" description="Indicates the numeric code of the service request severity."/>
                  <oer:attribute xmlns:oer="http://xmlns.oracle.com/oer" name="NetworkTypeCd" description="Indicates the type of social network."/>
                  <oer:attribute xmlns:oer="http://xmlns.oracle.com/oer" name="ResolveOutcomeCd" description="Indicates the outcome of a service request resolution."/>
                  <oer:attribute xmlns:oer="http://xmlns.oracle.com/oer" name="ResolveDescription" description="Indicates how the service request has been resolved."/>
                  <oer:attribute xmlns:oer="http://xmlns.oracle.com/oer" name="ResolvedBy" description="Indicates the user who resolved the service request."/>
                  <oer:attribute xmlns:oer="http://xmlns.oracle.com/oer" name="contacts" description="The list of contacts associated to the serivce request."/>
                  <oer:attribute xmlns:oer="http://xmlns.oracle.com/oer" name="messages" description="The list of service request messages."/>
                  <oer:attribute xmlns:oer="http://xmlns.oracle.com/oer" name="resourceMembers" description="The list of resources associated to the service request."/>
                  <oer:attribute xmlns:oer="http://xmlns.oracle.com/oer" name="resourceTeams" description="The list of resource teams associated to the service request"/>
                  <oer:attribute xmlns:oer="http://xmlns.oracle.com/oer" name="srReferences" description="The list of other objects associated to the service request. E.g. Knowledge articles."/>
                  <oer:attribute xmlns:oer="http://xmlns.oracle.com/oer" name="srMilestone" description="Indicates the milestone associated with the service request."/>
                  <oer:attribute xmlns:oer="http://xmlns.oracle.com/oer" name="srInteractionReferences" description="Indicates the list of interaction references for a service request."/>
               </oer:attributes>
            </xsd:documentation>
         </xsd:annotation>
         <xsd:import xmlns:xsd="http://www.w3.org/2001/XMLSchema" schemaLocation="classpath:/META-INF/wsdl/BC4JService.xsd" namespace="http://xmlns.oracle.com/adf/svc/types/"/>
         <xsd:import xmlns:xsd="http://www.w3.org/2001/XMLSchema" schemaLocation="classpath:/xml/sdoJava.xsd" namespace="commonj.sdo/java"/>
         <xsd:import xmlns:xsd="http://www.w3.org/2001/XMLSchema" schemaLocation="classpath:/xml/sdoXML.xsd" namespace="commonj.sdo/xml"/>
         <xsd:import xmlns:xsd="http://www.w3.org/2001/XMLSchema" schemaLocation="classpath:/xml/sdoModel.xsd" namespace="commonj.sdo"/>
         <xsd:include xmlns:xsd="http://www.w3.org/2001/XMLSchema" schemaLocation="SrContactMember.xsd"/>
         <xsd:include xmlns:xsd="http://www.w3.org/2001/XMLSchema" schemaLocation="SrMessage.xsd"/>
         <xsd:include xmlns:xsd="http://www.w3.org/2001/XMLSchema" schemaLocation="SrResourceMemberResource.xsd"/>
         <xsd:include xmlns:xsd="http://www.w3.org/2001/XMLSchema" schemaLocation="SrResourceMemberTeam.xsd"/>
         <xsd:include xmlns:xsd="http://www.w3.org/2001/XMLSchema" schemaLocation="SrReferences.xsd"/>
         <xsd:include xmlns:xsd="http://www.w3.org/2001/XMLSchema" schemaLocation="SrMilestone.xsd"/>
         <xsd:include xmlns:xsd="http://www.w3.org/2001/XMLSchema" schemaLocation="SrInteractionReference.xsd"/>
         <xsd:complexType xmlns:xsd="http://www.w3.org/2001/XMLSchema" name="ServiceRequest">
            <xsd:annotation xmlns:xsd="http://www.w3.org/2001/XMLSchema">
               <xsd:appinfo xmlns:xsd="http://www.w3.org/2001/XMLSchema" source="http://xmlns.oracle.com/adf/svc/metadata/">
                  <key xmlns="http://xmlns.oracle.com/adf/svc/metadata/">
                     <attribute>SrId</attribute>
                  </key>
               </xsd:appinfo>
            </xsd:annotation>
            <xsd:sequence xmlns:xsd="http://www.w3.org/2001/XMLSchema">
               <xsd:element xmlns:xsd="http://www.w3.org/2001/XMLSchema" name="SrId" type="xsd:long" minOccurs="0" sdoXML:dataType="sdoJava:LongObject"/>
               <xsd:element xmlns:xsd="http://www.w3.org/2001/XMLSchema" name="SrNumber" type="xsd:string" minOccurs="0"/>
               <xsd:element xmlns:xsd="http://www.w3.org/2001/XMLSchema" name="Title" type="xsd:string" minOccurs="0"/>
               <xsd:element xmlns:xsd="http://www.w3.org/2001/XMLSchema" name="ProblemDescription" type="xsd:string" minOccurs="0" nillable="true"/>
               <xsd:element xmlns:xsd="http://www.w3.org/2001/XMLSchema" name="SeverityCd" type="xsd:string" minOccurs="0" nillable="true"/>
               <xsd:element xmlns:xsd="http://www.w3.org/2001/XMLSchema" name="AssigneeResourceId" type="xsd:long" minOccurs="0" nillable="true"/>
               <xsd:element xmlns:xsd="http://www.w3.org/2001/XMLSchema" name="AssigneePartyId" type="xsd:long" minOccurs="0" sdoXML:dataType="sdoJava:LongObject"/>
               <xsd:element xmlns:xsd="http://www.w3.org/2001/XMLSchema" name="AssigneePersonName" type="xsd:string" minOccurs="0"/>
               <xsd:element xmlns:xsd="http://www.w3.org/2001/XMLSchema" name="AssigneeEmailAddress" type="xsd:string" minOccurs="0" nillable="true"/>
               <xsd:element xmlns:xsd="http://www.w3.org/2001/XMLSchema" name="AssigneeFormattedPhoneNumber" type="xsd:string" minOccurs="0" nillable="true"/>
               <xsd:element xmlns:xsd="http://www.w3.org/2001/XMLSchema" name="AssigneeFormattedAddress" type="xsd:string" minOccurs="0" nillable="true"/>
               <xsd:element xmlns:xsd="http://www.w3.org/2001/XMLSchema" name="CreatedBy" type="xsd:string" minOccurs="0"/>
               <xsd:element xmlns:xsd="http://www.w3.org/2001/XMLSchema" name="CreationDate" type="ns0:dateTime-Timestamp" minOccurs="0"/>
               <xsd:element xmlns:xsd="http://www.w3.org/2001/XMLSchema" name="LastUpdateDate" type="ns0:dateTime-Timestamp" minOccurs="0"/>
               <xsd:element xmlns:xsd="http://www.w3.org/2001/XMLSchema" name="LastUpdateLogin" type="xsd:string" minOccurs="0" nillable="true"/>
               <xsd:element xmlns:xsd="http://www.w3.org/2001/XMLSchema" name="LastUpdatedBy" type="xsd:string" minOccurs="0"/>
               <xsd:element xmlns:xsd="http://www.w3.org/2001/XMLSchema" name="LastUpdatedByDisplayName" type="xsd:string" minOccurs="0" nillable="true"/>
               <xsd:element xmlns:xsd="http://www.w3.org/2001/XMLSchema" name="LastUpdatedByPartyId" type="xsd:long" minOccurs="0" nillable="true"/>
               <xsd:element xmlns:xsd="http://www.w3.org/2001/XMLSchema" name="LastUpdatedByEmailAddress" type="xsd:string" minOccurs="0" nillable="true"/>
               <xsd:element xmlns:xsd="http://www.w3.org/2001/XMLSchema" name="AccountPartyId" type="xsd:long" minOccurs="0" nillable="true"/>
               <xsd:element xmlns:xsd="http://www.w3.org/2001/XMLSchema" name="AccountPartyUniqueName" type="xsd:string" minOccurs="0" nillable="true"/>
               <xsd:element xmlns:xsd="http://www.w3.org/2001/XMLSchema" name="AccountPartyName" type="xsd:string" minOccurs="0"/>
               <xsd:element xmlns:xsd="http://www.w3.org/2001/XMLSchema" name="AccountPartyEmailAddress" type="xsd:string" minOccurs="0" nillable="true"/>
               <xsd:element xmlns:xsd="http://www.w3.org/2001/XMLSchema" name="AccountPartyFormattedPhoneNumber" type="xsd:string" minOccurs="0" nillable="true"/>
               <xsd:element xmlns:xsd="http://www.w3.org/2001/XMLSchema" name="AccountPartyPreferredContactMethod" type="xsd:string" minOccurs="0" nillable="true"/>
               <xsd:element xmlns:xsd="http://www.w3.org/2001/XMLSchema" name="PartnerAccountPartyId" type="xsd:long" minOccurs="0" nillable="true"/>
               <xsd:element xmlns:xsd="http://www.w3.org/2001/XMLSchema" name="PartnerAccountPartyName" type="xsd:string" minOccurs="0"/>
               <xsd:element xmlns:xsd="http://www.w3.org/2001/XMLSchema" name="PartnerAccountPartyUniqueName" type="xsd:string" minOccurs="0" nillable="true"/>
               <xsd:element xmlns:xsd="http://www.w3.org/2001/XMLSchema" name="OwnerTypeCd" type="xsd:string" minOccurs="0" nillable="true"/>
               <xsd:element xmlns:xsd="http://www.w3.org/2001/XMLSchema" name="PrimaryContactPartyId" type="xsd:long" minOccurs="0" nillable="true"/>
               <xsd:element xmlns:xsd="http://www.w3.org/2001/XMLSchema" name="PrimaryContactPartyUniqueName" type="xsd:string" minOccurs="0" nillable="true"/>
               <xsd:element xmlns:xsd="http://www.w3.org/2001/XMLSchema" name="PrimaryContactPartyName" type="xsd:string" minOccurs="0"/>
               <xsd:element xmlns:xsd="http://www.w3.org/2001/XMLSchema" name="PrimaryContactFormattedPhoneNumber" type="xsd:string" minOccurs="0" nillable="true"/>
               <xsd:element xmlns:xsd="http://www.w3.org/2001/XMLSchema" name="PrimaryContactEmailAddress" type="xsd:string" minOccurs="0" nillable="true"/>
               <xsd:element xmlns:xsd="http://www.w3.org/2001/XMLSchema" name="PrimaryContactPreferredContactMethod" type="xsd:string" minOccurs="0" nillable="true"/>
               <xsd:element xmlns:xsd="http://www.w3.org/2001/XMLSchema" name="PrimaryContactFormattedAddress" type="xsd:string" minOccurs="0" nillable="true"/>
               <xsd:element xmlns:xsd="http://www.w3.org/2001/XMLSchema" name="PrimaryContactDoNotContactFlag" type="xsd:boolean" minOccurs="0" nillable="true"/>
               <xsd:element xmlns:xsd="http://www.w3.org/2001/XMLSchema" name="CategoryId" type="xsd:long" minOccurs="0" nillable="true"/>
               <xsd:element xmlns:xsd="http://www.w3.org/2001/XMLSchema" name="ClosedDate" type="ns0:dateTime-Timestamp" minOccurs="0" nillable="true"/>
               <xsd:element xmlns:xsd="http://www.w3.org/2001/XMLSchema" name="CorpCurrencyCode" type="xsd:string" minOccurs="0" nillable="true"/>
               <xsd:element xmlns:xsd="http://www.w3.org/2001/XMLSchema" name="CurcyConvRateType" type="xsd:string" minOccurs="0" nillable="true"/>
               <xsd:element xmlns:xsd="http://www.w3.org/2001/XMLSchema" name="CurrencyCode" type="xsd:string" minOccurs="0" nillable="true"/>
               <xsd:element xmlns:xsd="http://www.w3.org/2001/XMLSchema" name="OpenDate" type="ns0:dateTime-Timestamp" minOccurs="0"/>
               <xsd:element xmlns:xsd="http://www.w3.org/2001/XMLSchema" name="ReportedByPartyId" type="xsd:long" minOccurs="0" nillable="true"/>
               <xsd:element xmlns:xsd="http://www.w3.org/2001/XMLSchema" name="ReportedByPartyUniqueName" type="xsd:string" minOccurs="0" nillable="true"/>
               <xsd:element xmlns:xsd="http://www.w3.org/2001/XMLSchema" name="ReportedByPartyName" type="xsd:string" minOccurs="0"/>
               <xsd:element xmlns:xsd="http://www.w3.org/2001/XMLSchema" name="ReportedByEmailAddress" type="xsd:string" minOccurs="0" nillable="true"/>
               <xsd:element xmlns:xsd="http://www.w3.org/2001/XMLSchema" name="ReportedByFormattedPhoneNumber" type="xsd:string" minOccurs="0" nillable="true"/>
               <xsd:element xmlns:xsd="http://www.w3.org/2001/XMLSchema" name="ProblemCd" type="xsd:string" minOccurs="0" nillable="true"/>
               <xsd:element xmlns:xsd="http://www.w3.org/2001/XMLSchema" name="ProdGroupId" type="xsd:long" minOccurs="0" nillable="true"/>
               <xsd:element xmlns:xsd="http://www.w3.org/2001/XMLSchema" name="ProdGroupName" type="xsd:string" minOccurs="0" nillable="true"/>
               <xsd:element xmlns:xsd="http://www.w3.org/2001/XMLSchema" name="InventoryItemId" type="xsd:long" minOccurs="0" nillable="true"/>
               <xsd:element xmlns:xsd="http://www.w3.org/2001/XMLSchema" name="InventoryOrgId" type="xsd:long" minOccurs="0" nillable="true"/>
               <xsd:element xmlns:xsd="http://www.w3.org/2001/XMLSchema" name="ProductItemOrgId" type="xsd:long" minOccurs="0" nillable="true"/>
               <xsd:element xmlns:xsd="http://www.w3.org/2001/XMLSchema" name="ProductItemDescription" type="xsd:string" minOccurs="0" nillable="true"/>
               <xsd:element xmlns:xsd="http://www.w3.org/2001/XMLSchema" name="ProductItemNumber" type="xsd:string" minOccurs="0" nillable="true"/>
               <xsd:element xmlns:xsd="http://www.w3.org/2001/XMLSchema" name="AssetId" type="xsd:long" minOccurs="0" nillable="true"/>
               <xsd:element xmlns:xsd="http://www.w3.org/2001/XMLSchema" name="AssetSerialNumber" type="xsd:string" minOccurs="0" nillable="true"/>
               <xsd:element xmlns:xsd="http://www.w3.org/2001/XMLSchema" name="AssetNumber" type="xsd:string" minOccurs="0" nillable="true"/>
               <xsd:element xmlns:xsd="http://www.w3.org/2001/XMLSchema" name="QueueId" type="xsd:long" minOccurs="0" nillable="true"/>
               <xsd:element xmlns:xsd="http://www.w3.org/2001/XMLSchema" name="LastReopenDate" type="ns0:dateTime-Timestamp" minOccurs="0" nillable="true"/>
               <xsd:element xmlns:xsd="http://www.w3.org/2001/XMLSchema" name="LastResolvedDate" type="ns0:dateTime-Timestamp" minOccurs="0" nillable="true"/>
               <xsd:element xmlns:xsd="http://www.w3.org/2001/XMLSchema" name="ResolutionCd" type="xsd:string" minOccurs="0" nillable="true"/>
               <xsd:element xmlns:xsd="http://www.w3.org/2001/XMLSchema" name="SourceCd" type="xsd:string" minOccurs="0" nillable="true"/>
               <xsd:element xmlns:xsd="http://www.w3.org/2001/XMLSchema" name="ChannelTypeCd" type="xsd:string" minOccurs="0" nillable="true"/>
               <xsd:element xmlns:xsd="http://www.w3.org/2001/XMLSchema" name="StatusCd" type="xsd:string" minOccurs="0" nillable="true"/>
               <xsd:element xmlns:xsd="http://www.w3.org/2001/XMLSchema" name="InternalPriorityCd" type="xsd:string" minOccurs="0" nillable="true"/>
               <xsd:element xmlns:xsd="http://www.w3.org/2001/XMLSchema" name="LanguageCd" type="xsd:string" minOccurs="0" nillable="true"/>
               <xsd:element xmlns:xsd="http://www.w3.org/2001/XMLSchema" name="StatusTypeCd" type="xsd:string" minOccurs="0" nillable="true"/>
               <xsd:element xmlns:xsd="http://www.w3.org/2001/XMLSchema" name="SrCreatedBy" type="xsd:string" minOccurs="0"/>
               <xsd:element xmlns:xsd="http://www.w3.org/2001/XMLSchema" name="QueueName" type="xsd:string" minOccurs="0"/>
               <xsd:element xmlns:xsd="http://www.w3.org/2001/XMLSchema" name="CriticalFlag" type="xsd:boolean" minOccurs="0" sdoXML:dataType="sdoJava:BooleanObject"/>
               <xsd:element xmlns:xsd="http://www.w3.org/2001/XMLSchema" name="OriginalSystemReference" type="xsd:string" minOccurs="0" nillable="true"/>
               <xsd:element xmlns:xsd="http://www.w3.org/2001/XMLSchema" name="CategoryName" type="xsd:string" minOccurs="0"/>
               <xsd:element xmlns:xsd="http://www.w3.org/2001/XMLSchema" name="SrLastUpdateDate" type="ns0:dateTime-Timestamp" minOccurs="0"/>
               <xsd:element xmlns:xsd="http://www.w3.org/2001/XMLSchema" name="SrLastUpdateLogin" type="xsd:string" minOccurs="0" nillable="true"/>
               <xsd:element xmlns:xsd="http://www.w3.org/2001/XMLSchema" name="SrLastUpdatedBy" type="xsd:string" minOccurs="0"/>
               <xsd:element xmlns:xsd="http://www.w3.org/2001/XMLSchema" name="StripeCd" type="xsd:string" minOccurs="0"/>
               <xsd:element xmlns:xsd="http://www.w3.org/2001/XMLSchema" name="SeverityColorCd" type="xsd:string" minOccurs="0" nillable="true"/>
               <xsd:element xmlns:xsd="http://www.w3.org/2001/XMLSchema" name="ChannelId" type="xsd:long" minOccurs="0" nillable="true"/>
               <xsd:element xmlns:xsd="http://www.w3.org/2001/XMLSchema" name="SrMilestoneId" type="xsd:long" minOccurs="0" nillable="true"/>
               <xsd:element xmlns:xsd="http://www.w3.org/2001/XMLSchema" name="MilestoneLabel" type="xsd:string" minOccurs="0" nillable="true"/>
               <xsd:element xmlns:xsd="http://www.w3.org/2001/XMLSchema" name="ComplianceFlag" type="xsd:boolean" minOccurs="0" nillable="true"/>
               <xsd:element xmlns:xsd="http://www.w3.org/2001/XMLSchema" name="DueDate" type="ns0:dateTime-Timestamp" minOccurs="0" nillable="true"/>
               <xsd:element xmlns:xsd="http://www.w3.org/2001/XMLSchema" name="HeaderFlag" type="xsd:boolean" minOccurs="0" nillable="true"/>
               <xsd:element xmlns:xsd="http://www.w3.org/2001/XMLSchema" name="MilestoneConfigId" type="xsd:long" minOccurs="0" nillable="true"/>
               <xsd:element xmlns:xsd="http://www.w3.org/2001/XMLSchema" name="MilestoneStatusCd" type="xsd:string" minOccurs="0" nillable="true"/>
               <xsd:element xmlns:xsd="http://www.w3.org/2001/XMLSchema" name="WarnedFlag" type="xsd:boolean" minOccurs="0" nillable="true"/>
               <xsd:element xmlns:xsd="http://www.w3.org/2001/XMLSchema" name="TimeRemaining" type="xsd:string" minOccurs="0" nillable="true"/>
               <xsd:element xmlns:xsd="http://www.w3.org/2001/XMLSchema" name="SocialPrivateFlag" type="xsd:boolean" minOccurs="0" sdoXML:dataType="sdoJava:BooleanObject"/>
               <xsd:element xmlns:xsd="http://www.w3.org/2001/XMLSchema" name="BUOrgId" type="xsd:long" minOccurs="0" sdoXML:dataType="sdoJava:LongObject"/>
               <xsd:element xmlns:xsd="http://www.w3.org/2001/XMLSchema" name="BusinessUnitName" type="xsd:string" minOccurs="0" nillable="true"/>
               <xsd:element xmlns:xsd="http://www.w3.org/2001/XMLSchema" name="RecordSet" type="xsd:string" minOccurs="0" nillable="true"/>
               <xsd:element xmlns:xsd="http://www.w3.org/2001/XMLSchema" name="UpdateFlag" type="xsd:boolean" minOccurs="0" nillable="true"/>
               <xsd:element xmlns:xsd="http://www.w3.org/2001/XMLSchema" name="DeleteFlag" type="xsd:boolean" minOccurs="0" nillable="true"/>
               <xsd:element xmlns:xsd="http://www.w3.org/2001/XMLSchema" name="SeverityRank" type="xsd:int" minOccurs="0" nillable="true"/>
               <xsd:element xmlns:xsd="http://www.w3.org/2001/XMLSchema" name="NetworkTypeCd" type="xsd:string" minOccurs="0" nillable="true"/>
               <xsd:element xmlns:xsd="http://www.w3.org/2001/XMLSchema" name="ResolveOutcomeCd" type="xsd:string" minOccurs="0" nillable="true"/>
               <xsd:element xmlns:xsd="http://www.w3.org/2001/XMLSchema" name="ResolveDescription" type="xsd:string" minOccurs="0" nillable="true"/>
               <xsd:element xmlns:xsd="http://www.w3.org/2001/XMLSchema" name="ResolvedBy" type="xsd:string" minOccurs="0" nillable="true"/>
               <xsd:element xmlns:xsd="http://www.w3.org/2001/XMLSchema" name="contacts" type="SrContactMember" minOccurs="0" maxOccurs="unbounded"/>
               <xsd:element xmlns:xsd="http://www.w3.org/2001/XMLSchema" name="messages" type="SrMessage" minOccurs="0" maxOccurs="unbounded" sdoXML:dataType="sdo:DataObject"/>
               <xsd:element xmlns:xsd="http://www.w3.org/2001/XMLSchema" name="resourceMembers" type="SrResourceMemberResource" minOccurs="0" maxOccurs="unbounded" sdoXML:dataType="sdo:DataObject"/>
               <xsd:element xmlns:xsd="http://www.w3.org/2001/XMLSchema" name="resourceTeams" type="SrResourceMemberTeam" minOccurs="0" maxOccurs="unbounded" sdoXML:dataType="sdo:DataObject"/>
               <xsd:element xmlns:xsd="http://www.w3.org/2001/XMLSchema" name="srReferences" type="SrReferences" minOccurs="0" maxOccurs="unbounded"/>
               <xsd:element xmlns:xsd="http://www.w3.org/2001/XMLSchema" name="srMilestone" type="SrMilestone" minOccurs="0" maxOccurs="unbounded"/>
               <xsd:element xmlns:xsd="http://www.w3.org/2001/XMLSchema" name="srInteractionReferences" type="SrInteractionReference" minOccurs="0" maxOccurs="unbounded"/>
               <xsd:element xmlns:xsd="http://www.w3.org/2001/XMLSchema" name="AR_DeviceID_c" type="xsd:string" minOccurs="0" nillable="true"/>
               <xsd:element xmlns:xsd="http://www.w3.org/2001/XMLSchema" name="AR_Temperature_c" type="xsd:string" minOccurs="0" nillable="true"/>
               <xsd:element xmlns:xsd="http://www.w3.org/2001/XMLSchema" name="AR_RPM_c" type="xsd:string" minOccurs="0" nillable="true"/>
               <xsd:element xmlns:xsd="http://www.w3.org/2001/XMLSchema" name="AR_Sound_c" type="xsd:string" minOccurs="0" nillable="true"/>
               <xsd:element xmlns:xsd="http://www.w3.org/2001/XMLSchema" name="AR_Vibration_c" type="xsd:string" minOccurs="0" nillable="true"/>
            </xsd:sequence>
         </xsd:complexType>
         <xsd:element xmlns:xsd="http://www.w3.org/2001/XMLSchema" name="serviceRequest" type="ServiceRequest"/>
      </xsd:schema>
   </mds:replace>
</mds:customization>
