<?xml version='1.0' encoding='UTF-8'?>
<mds:customization version="11.1.1.71.67" xmlns:mds="http://xmlns.oracle.com/mds" motype_local_name="xliff" motype_nsuri="urn:oasis:names:tc:xliff:document:1.1" application-id="ORA_CRM_UIAPP">
   <mds:insert parent="(xmlns(mds_ns1=urn:oasis:names:tc:xliff:document:1.1))/mds_ns1:xliff/mds_ns1:file/mds_ns1:body" position="last">
      <trans-unit id="persdef.oracle.apps.cdm.foundation.parties.publicModel.organizations.entity.OrganizationDEO.CUSTOM_TEXT_c_LABEL" xmlns="urn:oasis:names:tc:xliff:document:1.1">
         <source>CUSTOM_TEXT</source>
         <target/>
      </trans-unit>
   </mds:insert>
   <mds:insert parent="(xmlns(mds_ns1=urn:oasis:names:tc:xliff:document:1.1))/mds_ns1:xliff/mds_ns1:file/mds_ns1:body" position="last">
      <trans-unit id="persdef.oracle.apps.cdm.foundation.parties.publicModel.organizations.entity.OrganizationDEO.Custom_number_c_LABEL" xmlns="urn:oasis:names:tc:xliff:document:1.1">
         <source>custom _number</source>
         <target/>
      </trans-unit>
   </mds:insert>
   <mds:insert parent="(xmlns(mds_ns1=urn:oasis:names:tc:xliff:document:1.1))/mds_ns1:xliff/mds_ns1:file/mds_ns1:body" position="last">
      <trans-unit id="persdef.oracle.apps.cdm.foundation.parties.publicModel.organizations.entity.OrganizationDEO.Custom_date_c_LABEL" xmlns="urn:oasis:names:tc:xliff:document:1.1">
         <source>custom_date</source>
         <target/>
      </trans-unit>
   </mds:insert>
   <mds:insert parent="(xmlns(mds_ns1=urn:oasis:names:tc:xliff:document:1.1))/mds_ns1:xliff/mds_ns1:file/mds_ns1:body" position="last">
      <trans-unit id="sessiondef.oracle.apps.custom.entities.Ticket_c.RecordName_LABEL" xmlns="urn:oasis:names:tc:xliff:document:1.1">
         <source>Ticket Name</source>
         <target/>
      </trans-unit>
   </mds:insert>
   <mds:insert parent="(xmlns(mds_ns1=urn:oasis:names:tc:xliff:document:1.1))/mds_ns1:xliff/mds_ns1:file/mds_ns1:body" position="last">
      <trans-unit id="sessiondef.oracle.apps.custom.entities.Ticket_c.RecordNumber_LABEL" xmlns="urn:oasis:names:tc:xliff:document:1.1">
         <source>Record Number</source>
         <target/>
      </trans-unit>
   </mds:insert>
   <mds:insert parent="(xmlns(mds_ns1=urn:oasis:names:tc:xliff:document:1.1))/mds_ns1:xliff/mds_ns1:file/mds_ns1:body" position="last">
      <trans-unit id="sessiondef.oracle.apps.custom.views.Ticket_c_LABEL" xmlns="urn:oasis:names:tc:xliff:document:1.1">
         <source>Ticket</source>
         <target/>
      </trans-unit>
   </mds:insert>
   <mds:insert parent="(xmlns(mds_ns1=urn:oasis:names:tc:xliff:document:1.1))/mds_ns1:xliff/mds_ns1:file/mds_ns1:body" position="last">
      <trans-unit id="sessiondef.oracle.apps.custom.views.Ticket_c_LABEL_PLURAL" xmlns="urn:oasis:names:tc:xliff:document:1.1">
         <source>Ticket</source>
         <target/>
      </trans-unit>
   </mds:insert>
   <mds:insert parent="(xmlns(mds_ns1=urn:oasis:names:tc:xliff:document:1.1))/mds_ns1:xliff/mds_ns1:file/mds_ns1:body" position="last">
      <trans-unit id="persdef.sessiondef.oracle.apps.custom.entities.Ticket_c.CurrencyCode_LABEL" xmlns="urn:oasis:names:tc:xliff:document:1.1">
         <source>Currency Code</source>
         <target/>
      </trans-unit>
   </mds:insert>
   <mds:insert parent="(xmlns(mds_ns1=urn:oasis:names:tc:xliff:document:1.1))/mds_ns1:xliff/mds_ns1:file/mds_ns1:body" position="last">
      <trans-unit id="persdef.oracle.apps.crmCommon.assetImport.publicModel.entity.AssetEO.Organization_Id_Asset_LABEL" xmlns="urn:oasis:names:tc:xliff:document:1.1">
         <source>Organization ID Asset</source>
         <target/>
      </trans-unit>
   </mds:insert>
   <mds:insert parent="(xmlns(mds_ns1=urn:oasis:names:tc:xliff:document:1.1))/mds_ns1:xliff/mds_ns1:file/mds_ns1:body" position="last">
      <trans-unit id="sessiondef.oracle.apps.custom.entities.TroubleTickets_c.RecordName_LABEL" xmlns="urn:oasis:names:tc:xliff:document:1.1">
         <source>Trouble Tickets Name</source>
         <target/>
      </trans-unit>
   </mds:insert>
   <mds:insert parent="(xmlns(mds_ns1=urn:oasis:names:tc:xliff:document:1.1))/mds_ns1:xliff/mds_ns1:file/mds_ns1:body" position="last">
      <trans-unit id="sessiondef.oracle.apps.custom.entities.TroubleTickets_c.RecordNumber_LABEL" xmlns="urn:oasis:names:tc:xliff:document:1.1">
         <source>Record Number</source>
         <target/>
      </trans-unit>
   </mds:insert>
   <mds:insert parent="(xmlns(mds_ns1=urn:oasis:names:tc:xliff:document:1.1))/mds_ns1:xliff/mds_ns1:file/mds_ns1:body" position="last">
      <trans-unit id="sessiondef.oracle.apps.custom.views.TroubleTickets_c_LABEL" xmlns="urn:oasis:names:tc:xliff:document:1.1">
         <source>Trouble Tickets</source>
         <target/>
      </trans-unit>
   </mds:insert>
   <mds:insert parent="(xmlns(mds_ns1=urn:oasis:names:tc:xliff:document:1.1))/mds_ns1:xliff/mds_ns1:file/mds_ns1:body" position="last">
      <trans-unit id="sessiondef.oracle.apps.custom.views.TroubleTickets_c_LABEL_PLURAL" xmlns="urn:oasis:names:tc:xliff:document:1.1">
         <source>Trouble Tickets</source>
         <target/>
      </trans-unit>
   </mds:insert>
   <mds:insert parent="(xmlns(mds_ns1=urn:oasis:names:tc:xliff:document:1.1))/mds_ns1:xliff/mds_ns1:file/mds_ns1:body" position="last">
      <trans-unit id="persdef.sessiondef.oracle.apps.custom.entities.TroubleTickets_c.CurrencyCode_LABEL" xmlns="urn:oasis:names:tc:xliff:document:1.1">
         <source>Currency Code</source>
         <target/>
      </trans-unit>
   </mds:insert>
   <mds:insert parent="(xmlns(mds_ns1=urn:oasis:names:tc:xliff:document:1.1))/mds_ns1:xliff/mds_ns1:file/mds_ns1:body" position="last">
      <trans-unit id="persdef.sessiondef.oracle.apps.custom.entities.TroubleTickets_c.OraZcxOwner_c_LABEL" xmlns="urn:oasis:names:tc:xliff:document:1.1">
         <source>Owner</source>
         <target/>
      </trans-unit>
   </mds:insert>
   <mds:insert parent="(xmlns(mds_ns1=urn:oasis:names:tc:xliff:document:1.1))/mds_ns1:xliff/mds_ns1:file/mds_ns1:body" position="last">
      <trans-unit id="persdef.sessiondef.oracle.apps.custom.entities.TroubleTickets_c.OraZcxOwner_c_description" xmlns="urn:oasis:names:tc:xliff:document:1.1">
         <source>Owner of the record</source>
         <target/>
      </trans-unit>
   </mds:insert>
   <mds:insert parent="(xmlns(mds_ns1=urn:oasis:names:tc:xliff:document:1.1))/mds_ns1:xliff/mds_ns1:file/mds_ns1:body" position="last">
      <trans-unit id="persdef.sessiondef.oracle.apps.custom.entities.TroubleTickets_c.OraZcxSearchFilter_c_LABEL" xmlns="urn:oasis:names:tc:xliff:document:1.1">
         <source>Record Set</source>
         <target/>
      </trans-unit>
   </mds:insert>
   <mds:insert parent="(xmlns(mds_ns1=urn:oasis:names:tc:xliff:document:1.1))/mds_ns1:xliff/mds_ns1:file/mds_ns1:body" position="last">
      <trans-unit id="persdef.sessiondef.oracle.apps.custom.entities.TroubleTickets_c.OraZcxSearchFilter_c_description" xmlns="urn:oasis:names:tc:xliff:document:1.1">
         <source>Record set lookup for advanced search on top level custom objects</source>
         <target/>
      </trans-unit>
   </mds:insert>
   <mds:insert parent="(xmlns(mds_ns1=urn:oasis:names:tc:xliff:document:1.1))/mds_ns1:xliff/mds_ns1:file/mds_ns1:body" position="last">
      <trans-unit id="persdef.sessiondef.oracle.apps.custom.entities.TroubleTickets_c.OraZcxSearchFilter_cMeaning_LABEL" xmlns="urn:oasis:names:tc:xliff:document:1.1">
         <source>Record Set</source>
         <target/>
      </trans-unit>
   </mds:insert>
   <mds:insert parent="(xmlns(mds_ns1=urn:oasis:names:tc:xliff:document:1.1))/mds_ns1:xliff/mds_ns1:file/mds_ns1:body" position="last">
      <trans-unit id="persdef.sessiondef.oracle.apps.custom.entities.TroubleTickets_c.Organization_Id_Trouble_Ticket_LABEL" xmlns="urn:oasis:names:tc:xliff:document:1.1">
         <source>Organization ID Trouble_Ticket</source>
         <target/>
      </trans-unit>
   </mds:insert>
   <mds:insert parent="(xmlns(mds_ns1=urn:oasis:names:tc:xliff:document:1.1))/mds_ns1:xliff/mds_ns1:file/mds_ns1:body" position="last">
      <trans-unit id="persdef.sessiondef.oracle.apps.custom.entities.TroubleTickets_c.Custom_Name_c_LABEL" xmlns="urn:oasis:names:tc:xliff:document:1.1">
         <source>Custom_Name</source>
         <target/>
      </trans-unit>
   </mds:insert>
   <mds:insert parent="(xmlns(mds_ns1=urn:oasis:names:tc:xliff:document:1.1))/mds_ns1:xliff/mds_ns1:file/mds_ns1:body" position="last">
      <trans-unit id="sessiondef.oracle.apps.custom.entities.Child_object_c.RecordName_LABEL" xmlns="urn:oasis:names:tc:xliff:document:1.1">
         <source>Child_object Name</source>
         <target/>
      </trans-unit>
   </mds:insert>
   <mds:insert parent="(xmlns(mds_ns1=urn:oasis:names:tc:xliff:document:1.1))/mds_ns1:xliff/mds_ns1:file/mds_ns1:body" position="last">
      <trans-unit id="sessiondef.oracle.apps.custom.entities.Child_object_c.RecordNumber_LABEL" xmlns="urn:oasis:names:tc:xliff:document:1.1">
         <source>Record Number</source>
         <target/>
      </trans-unit>
   </mds:insert>
   <mds:insert parent="(xmlns(mds_ns1=urn:oasis:names:tc:xliff:document:1.1))/mds_ns1:xliff/mds_ns1:file/mds_ns1:body" position="last">
      <trans-unit id="sessiondef.oracle.apps.custom.views.Child_object_c_LABEL" xmlns="urn:oasis:names:tc:xliff:document:1.1">
         <source>Child_object</source>
         <target/>
      </trans-unit>
   </mds:insert>
   <mds:insert parent="(xmlns(mds_ns1=urn:oasis:names:tc:xliff:document:1.1))/mds_ns1:xliff/mds_ns1:file/mds_ns1:body" position="last">
      <trans-unit id="sessiondef.oracle.apps.custom.views.Child_object_c_LABEL_PLURAL" xmlns="urn:oasis:names:tc:xliff:document:1.1">
         <source>Child_object</source>
         <target/>
      </trans-unit>
   </mds:insert>
   <mds:insert parent="(xmlns(mds_ns1=urn:oasis:names:tc:xliff:document:1.1))/mds_ns1:xliff/mds_ns1:file/mds_ns1:body" position="last">
      <trans-unit id="persdef.sessiondef.oracle.apps.custom.entities.Child_object_c.CurrencyCode_LABEL" xmlns="urn:oasis:names:tc:xliff:document:1.1">
         <source>Currency Code</source>
         <target/>
      </trans-unit>
   </mds:insert>
   <mds:insert parent="(xmlns(mds_ns1=urn:oasis:names:tc:xliff:document:1.1))/mds_ns1:xliff/mds_ns1:file/mds_ns1:body" position="last">
      <trans-unit id="persdef.sessiondef.oracle.apps.custom.entities.Child_object_c.Child_text_c_LABEL" xmlns="urn:oasis:names:tc:xliff:document:1.1">
         <source>Child_text</source>
         <target/>
      </trans-unit>
   </mds:insert>
   <mds:insert parent="(xmlns(mds_ns1=urn:oasis:names:tc:xliff:document:1.1))/mds_ns1:xliff/mds_ns1:file/mds_ns1:body" position="last">
      <trans-unit id="persdef.oracle.apps.cdm.foundation.parties.publicModel.organizations.entity.OrganizationDEO.Searchable_unchecked_c_LABEL" xmlns="urn:oasis:names:tc:xliff:document:1.1">
         <source>Searchable_unchecked</source>
         <target/>
      </trans-unit>
   </mds:insert>
   <mds:insert parent="(xmlns(mds_ns1=urn:oasis:names:tc:xliff:document:1.1))/mds_ns1:xliff/mds_ns1:file/mds_ns1:body" position="last">
      <trans-unit id="persdef.oracle.apps.cdm.foundation.parties.publicModel.organizations.entity.OrganizationDEO.Searchable_checked_c_LABEL" xmlns="urn:oasis:names:tc:xliff:document:1.1">
         <source>Searchable_checked</source>
         <target/>
      </trans-unit>
   </mds:insert>
   <mds:insert parent="(xmlns(mds_ns1=urn:oasis:names:tc:xliff:document:1.1))/mds_ns1:xliff/mds_ns1:file/mds_ns1:body" position="last">
      <trans-unit id="persdef.sessiondef.oracle.apps.custom.entities.Child_object_c.Searchable_checked_c_LABEL" xmlns="urn:oasis:names:tc:xliff:document:1.1">
         <source>Searchable_checked</source>
         <target/>
      </trans-unit>
   </mds:insert>
   <mds:insert parent="(xmlns(mds_ns1=urn:oasis:names:tc:xliff:document:1.1))/mds_ns1:xliff/mds_ns1:file/mds_ns1:body" position="last">
      <trans-unit id="persdef.sessiondef.oracle.apps.custom.entities.Child_object_c.Searchable_unchecked_c_LABEL" xmlns="urn:oasis:names:tc:xliff:document:1.1">
         <source>Searchable_unchecked</source>
         <target/>
      </trans-unit>
   </mds:insert>
   <mds:insert parent="(xmlns(mds_ns1=urn:oasis:names:tc:xliff:document:1.1))/mds_ns1:xliff/mds_ns1:file/mds_ns1:body" position="last">
      <trans-unit id="persdef.sessiondef.oracle.apps.custom.entities.Child_object_c.Child_date_c_LABEL" xmlns="urn:oasis:names:tc:xliff:document:1.1">
         <source>Child_date</source>
         <target/>
      </trans-unit>
   </mds:insert>
   <mds:insert parent="(xmlns(mds_ns1=urn:oasis:names:tc:xliff:document:1.1))/mds_ns1:xliff/mds_ns1:file/mds_ns1:body" position="last">
      <trans-unit id="persdef.sessiondef.oracle.apps.custom.entities.Child_object_c.Child_number_c_LABEL" xmlns="urn:oasis:names:tc:xliff:document:1.1">
         <source>Child_number</source>
         <target/>
      </trans-unit>
   </mds:insert>
   <mds:insert parent="(xmlns(mds_ns1=urn:oasis:names:tc:xliff:document:1.1))/mds_ns1:xliff/mds_ns1:file/mds_ns1:body" position="last">
      <trans-unit id="oracle.apps.cdm.foundation.parties.personService.view.PersonDVO.CustExtn_Search_FusePickerPopupSearch_Layout_Defaultcustomlayout_1523298672179_LABEL" xmlns="urn:oasis:names:tc:xliff:document:1.1">
         <source>Contacts Picker Search</source>
         <target/>
      </trans-unit>
   </mds:insert>
   <mds:insert parent="(xmlns(mds_ns1=urn:oasis:names:tc:xliff:document:1.1))/mds_ns1:xliff/mds_ns1:file/mds_ns1:body" position="last">
      <trans-unit id="ExtGen_PersonToChild_object_c_FUSE_DISPLAY_LABEL1523374992518" xmlns="urn:oasis:names:tc:xliff:document:1.1">
         <source>Child_object</source>
         <target/>
      </trans-unit>
   </mds:insert>
   <mds:insert parent="(xmlns(mds_ns1=urn:oasis:names:tc:xliff:document:1.1))/mds_ns1:xliff/mds_ns1:file/mds_ns1:body" position="last">
      <trans-unit id="sessiondef.oracle.apps.custom.views.Child_object_c.CustExtn_Search_PersonToChild_object_cFuseTab_Layout_LNKDINlayout_1521497211167VC_LABEL" xmlns="urn:oasis:names:tc:xliff:document:1.1">
         <source>PersonToChild_object_cFuseTab_Layout_LNKDINlayout_1521497211167VC</source>
         <target/>
      </trans-unit>
   </mds:insert>
   <mds:insert parent="(xmlns(mds_ns1=urn:oasis:names:tc:xliff:document:1.1))/mds_ns1:xliff/mds_ns1:file/mds_ns1:body" position="last">
      <trans-unit id="persdef.oracle.apps.crm.service.svcMgmt.srMgmt.model.entity.ServiceRequestEO.AR_DeviceID_c_LABEL" xmlns="urn:oasis:names:tc:xliff:document:1.1">
         <source>AR DeviceID</source>
         <target/>
      </trans-unit>
   </mds:insert>
   <mds:insert parent="(xmlns(mds_ns1=urn:oasis:names:tc:xliff:document:1.1))/mds_ns1:xliff/mds_ns1:file/mds_ns1:body" position="last">
      <trans-unit id="persdef.oracle.apps.crm.service.svcMgmt.srMgmt.model.entity.ServiceRequestEO.AR_Temperature_c_LABEL" xmlns="urn:oasis:names:tc:xliff:document:1.1">
         <source>AR Temperature</source>
         <target/>
      </trans-unit>
   </mds:insert>
   <mds:insert parent="(xmlns(mds_ns1=urn:oasis:names:tc:xliff:document:1.1))/mds_ns1:xliff/mds_ns1:file/mds_ns1:body" position="last">
      <trans-unit id="persdef.oracle.apps.crm.service.svcMgmt.srMgmt.model.entity.ServiceRequestEO.AR_RPM_c_LABEL" xmlns="urn:oasis:names:tc:xliff:document:1.1">
         <source>AR RPM</source>
         <target/>
      </trans-unit>
   </mds:insert>
   <mds:insert parent="(xmlns(mds_ns1=urn:oasis:names:tc:xliff:document:1.1))/mds_ns1:xliff/mds_ns1:file/mds_ns1:body" position="last">
      <trans-unit id="persdef.oracle.apps.crm.service.svcMgmt.srMgmt.model.entity.ServiceRequestEO.AR_Sound_c_LABEL" xmlns="urn:oasis:names:tc:xliff:document:1.1">
         <source>AR Sound</source>
         <target/>
      </trans-unit>
   </mds:insert>
   <mds:insert parent="(xmlns(mds_ns1=urn:oasis:names:tc:xliff:document:1.1))/mds_ns1:xliff/mds_ns1:file/mds_ns1:body" position="last">
      <trans-unit id="persdef.oracle.apps.crm.service.svcMgmt.srMgmt.model.entity.ServiceRequestEO.AR_Vibration_c_LABEL" xmlns="urn:oasis:names:tc:xliff:document:1.1">
         <source>AR Vibration</source>
         <target/>
      </trans-unit>
   </mds:insert>
</mds:customization>
