<?xml version='1.0' encoding='UTF-8'?>
<mds:customization version="11.1.1.71.67" xmlns:mds="http://xmlns.oracle.com/mds" motype_local_name="xliff" motype_nsuri="urn:oasis:names:tc:xliff:document:1.1" application-id="ORA_CRM_UIAPP">
   <mds:insert parent="(xmlns(mds_ns1=urn:oasis:names:tc:xliff:document:1.1))/mds_ns1:xliff/mds_ns1:file/mds_ns1:body" position="last">
      <trans-unit id="ColAttr.CommunicationReasonCode.InteractionWrapUpPEO.CommReasonCd" xmlns="urn:oasis:names:tc:xliff:document:1.1">
         <source>Communication Reason Code</source>
         <target/>
      </trans-unit>
   </mds:insert>
   <mds:insert parent="(xmlns(mds_ns1=urn:oasis:names:tc:xliff:document:1.1))/mds_ns1:xliff/mds_ns1:file/mds_ns1:body" position="last">
      <trans-unit id="ColAttr.ExtnAttributeChar001.ServiceRequestExtnAttributeChar001.SVCSERVICEREQUESTS.EXTNATTRIBUTECHAR001.LABEL" xmlns="urn:oasis:names:tc:xliff:document:1.1">
         <source>AR DeviceID</source>
         <target/>
      </trans-unit>
   </mds:insert>
   <mds:insert parent="(xmlns(mds_ns1=urn:oasis:names:tc:xliff:document:1.1))/mds_ns1:xliff/mds_ns1:file/mds_ns1:body" position="last">
      <trans-unit id="ColAttr.ExtnAttributeChar003.ServiceRequestExtnAttributeChar003.SVCSERVICEREQUESTS.EXTNATTRIBUTECHAR003.LABEL" xmlns="urn:oasis:names:tc:xliff:document:1.1">
         <source>AR Temperature</source>
         <target/>
      </trans-unit>
   </mds:insert>
   <mds:insert parent="(xmlns(mds_ns1=urn:oasis:names:tc:xliff:document:1.1))/mds_ns1:xliff/mds_ns1:file/mds_ns1:body" position="last">
      <trans-unit id="ColAttr.ExtnAttributeChar004.ServiceRequestExtnAttributeChar004.SVCSERVICEREQUESTS.EXTNATTRIBUTECHAR004.LABEL" xmlns="urn:oasis:names:tc:xliff:document:1.1">
         <source>AR RPM</source>
         <target/>
      </trans-unit>
   </mds:insert>
   <mds:insert parent="(xmlns(mds_ns1=urn:oasis:names:tc:xliff:document:1.1))/mds_ns1:xliff/mds_ns1:file/mds_ns1:body" position="last">
      <trans-unit id="ColAttr.ExtnAttributeChar005.ServiceRequestExtnAttributeChar005.SVCSERVICEREQUESTS.EXTNATTRIBUTECHAR005.LABEL" xmlns="urn:oasis:names:tc:xliff:document:1.1">
         <source>AR Sound</source>
         <target/>
      </trans-unit>
   </mds:insert>
   <mds:insert parent="(xmlns(mds_ns1=urn:oasis:names:tc:xliff:document:1.1))/mds_ns1:xliff/mds_ns1:file/mds_ns1:body" position="last">
      <trans-unit id="ColAttr.ExtnAttributeChar006.ServiceRequestExtnAttributeChar006.SVCSERVICEREQUESTS.EXTNATTRIBUTECHAR006.LABEL" xmlns="urn:oasis:names:tc:xliff:document:1.1">
         <source>AR Vibration</source>
         <target/>
      </trans-unit>
   </mds:insert>
</mds:customization>
