<sandbox_metadata xmlns='http://xmlns.oracle.com/mds/sandbox'  version='11.1.1.4.0' >
<user_metadata xmlns='http://xmlns.oracle.com/mds/sandbox' >
    <comments>ApplCore Long Running Sandbox</comments>
    <description></description>
    <createdBy>MHoope</createdBy>
    <createdOn>1532694326000</createdOn>
    <lastModifiedBy>MHoope</lastModifiedBy>
    <lastModifiedOn>1532694521499</lastModifiedOn>
    <mainlineLabel>Creation_ApplCoreLongSB_ar_demo_12:25:26</mainlineLabel>
    <mergedBy></mergedBy>
    <mergedOn></mergedOn>
    <postMergeLabel></postMergeLabel>
    <preMergeLabel></preMergeLabel>
    <preUndoLabel></preUndoLabel>
    <postUndoLabel></postUndoLabel>
    <undoneBy></undoneBy>
    <finalizedBy></finalizedBy>
    <name>ApplCoreLongSB_ar_demo</name>
    <tenantId>0</tenantId>
</user_metadata>
<custom_metadata xmlns='http://xmlns.oracle.com/mds/sandbox' >
</custom_metadata>
<system_metadata xmlns='http://xmlns.oracle.com/mds/sandbox' >
<listOfDocsInSandbox>
</listOfDocsInSandbox>
</system_metadata>
</sandbox_metadata>
