﻿<CustomObject Id="1" Name="Incident" CoLabel="Incident" Description="Incident" DesignerData="" IsAgentVisible="True" IsAnalyticsVisible="True" IsSubclass="False" IsMenu="False" IsMenuOnlyClass="False" HasLabels="False" HasDescription="False" HasNotes="False" HasFileAttachment="False" IsLogTransactionsEnabled="False" HasUserTransactions="False" HasSequence="False" AllowsSPMSuppression="False"><Package Name="OracleServiceCloud" Id="1" /><InterfaceLabels><InterfaceLabel Language="en_US" Label="Incident" Description="Incident" /></InterfaceLabels><Keys><Key Id="10202" KeyType="3"><Fields><Field Id="10541" /></Fields></Key><Key Id="10205" KeyType="3"><Fields><Field Id="10547" /></Fields></Key><Key Id="10206" KeyType="3"><Fields><Field Id="10541" /><Field Id="10547" /></Fields></Key></Keys><Fields><Field Id="10537" Label="rpm" Name="rpm" DataTypeName="Text" DataType="2" IsNullable="True" IsList="False" IsLookup="False" IsCoReadOnly="False" IsAutoUpdate="False" IsSequence="False" IsSystemField="False" PackageId="25" PackageName="AR" MaxLength="10" Pattern="" Usage="PlainText" /><Field Id="10538" Label="temperature" Name="temperature" DataTypeName="Text" DataType="2" IsNullable="True" IsList="False" IsLookup="False" IsCoReadOnly="False" IsAutoUpdate="False" IsSequence="False" IsSystemField="False" PackageId="25" PackageName="AR" MaxLength="10" Pattern="" Usage="PlainText" /><Field Id="10539" Label="vibration" Name="vibration" DataTypeName="Text" DataType="2" IsNullable="True" IsList="False" IsLookup="False" IsCoReadOnly="False" IsAutoUpdate="False" IsSequence="False" IsSystemField="False" PackageId="25" PackageName="AR" MaxLength="10" Pattern="" Usage="PlainText" /><Field Id="10540" Label="sound" Name="sound" DataTypeName="Text" DataType="2" IsNullable="True" IsList="False" IsLookup="False" IsCoReadOnly="False" IsAutoUpdate="False" IsSequence="False" IsSystemField="False" PackageId="25" PackageName="AR" MaxLength="10" Pattern="" Usage="PlainText" /><Field Id="10541" Label="deviceId" Name="deviceId" DataTypeName="Text" DataType="2" IsNullable="True" IsList="False" IsLookup="False" IsCoReadOnly="False" IsAutoUpdate="False" IsSequence="False" IsSystemField="False" PackageId="25" PackageName="AR" MaxLength="80" Pattern="" Usage="PlainText" /><Field Id="10547" Label="partId" Name="partId" DataTypeName="Text" DataType="2" IsNullable="True" IsList="False" IsLookup="False" IsCoReadOnly="False" IsAutoUpdate="False" IsSequence="False" IsSystemField="False" PackageId="25" PackageName="AR" MaxLength="80" Pattern="" Usage="PlainText" /></Fields><Notes /></CustomObject><!--8uvnN3xYxBWmdHrVLpLPifKlZybiVC0afg==-->