﻿<CustomObject Id="10077" Name="NodeSpecifications" CoLabel="NodeSpecifications" Description="" DesignerData="" IsAgentVisible="True" IsAnalyticsVisible="True" IsSubclass="False" IsMenu="False" IsMenuOnlyClass="False" HasLabels="False" HasDescription="False" HasNotes="False" HasFileAttachment="False" IsLogTransactionsEnabled="False" HasUserTransactions="False" HasSequence="False" AllowsSPMSuppression="False"><Package Name="AR" Id="25" /><InterfaceLabels><InterfaceLabel Language="en_US" Label="NodeSpecifications" Description="" /></InterfaceLabels><Keys><Key Id="10228" KeyType="1"><Fields><Field Id="10580" /></Fields></Key><Key Id="10229" KeyType="3"><Fields><Field Id="10582" /></Fields></Key><Key Id="10230" KeyType="3"><Fields><Field Id="10584" /></Fields></Key><Key Id="10231" KeyType="3"><Fields><Field Id="10585" /></Fields></Key><Key Id="10232" KeyType="3"><Fields><Field Id="10586" /></Fields></Key></Keys><Fields><Field Id="10580" Label="ID" Description="System Field" Name="ID" DataTypeName="Integer" DataType="1" IsNullable="False" IsList="False" IsLookup="False" IsCoReadOnly="False" IsAutoUpdate="False" IsSequence="False" IsSystemField="True" /><Field Id="10581" Label="Date Created" Description="System Field" Name="CreatedTime" DataTypeName="Date Time" DataType="5" IsNullable="True" IsList="False" IsLookup="False" IsCoReadOnly="True" IsAutoUpdate="False" IsSequence="False" IsSystemField="True" ServerDefaultValue="curTime" /><Field Id="10582" Label="Created By" Description="System Field" Name="CreatedByAccount" DataTypeName="Menu" DataType="6" IsNullable="True" IsList="False" IsLookup="False" IsCoReadOnly="True" IsAutoUpdate="False" IsSequence="False" IsSystemField="True" ServerDefaultValue="curAdminUser" OptListId="2" /><Field Id="10583" Label="Date Last Updated" Description="System Field" Name="UpdatedTime" DataTypeName="Date Time" DataType="5" IsNullable="True" IsList="False" IsLookup="False" IsCoReadOnly="True" IsAutoUpdate="True" IsSequence="False" IsSystemField="True" ServerDefaultValue="curTime" /><Field Id="10584" Label="Updated By" Description="System Field" Name="UpdatedByAccount" DataTypeName="Menu" DataType="6" IsNullable="True" IsList="False" IsLookup="False" IsCoReadOnly="True" IsAutoUpdate="True" IsSequence="False" IsSystemField="True" ServerDefaultValue="curAdminUser" OptListId="2" /><Field Id="10585" Label="ModelNodes" Name="ModelNode" DataTypeName="Integer" DataType="1" IsNullable="False" IsList="False" IsLookup="False" IsCoReadOnly="False" IsAutoUpdate="False" IsSequence="False" IsSystemField="False" /><Field Id="10586" Label="Name" Name="Name" DataTypeName="Text" DataType="2" IsNullable="False" IsList="False" IsLookup="True" IsCoReadOnly="False" IsAutoUpdate="False" IsSequence="False" IsSystemField="False" MaxLength="40" Pattern="" Usage="PlainText" /><Field Id="10587" Label="Value" Name="Value" DataTypeName="Text" DataType="2" IsNullable="False" IsList="False" IsLookup="False" IsCoReadOnly="False" IsAutoUpdate="False" IsSequence="False" IsSystemField="False" MaxLength="255" Pattern="" Usage="PlainText" /></Fields><Notes /></CustomObject><!--GqKqsvEKfSa0AHfA6w+Hug3A0R0SGKdm-->