﻿<CustomObject Id="10076" Name="Models" CoLabel="Models" Description="Maps a 3D model to an IoT device." DesignerData="" IsAgentVisible="True" IsAnalyticsVisible="True" IsSubclass="False" IsMenu="False" IsMenuOnlyClass="False" HasLabels="False" HasDescription="False" HasNotes="True" HasFileAttachment="False" IsLogTransactionsEnabled="True" HasUserTransactions="False" HasSequence="False" AllowsSPMSuppression="False"><Package Name="AR" Id="25" /><InterfaceLabels><InterfaceLabel Language="en_US" Label="Models" Description="Maps a 3D model to an IoT device." /></InterfaceLabels><Keys><Key Id="10222" KeyType="1"><Fields><Field Id="10572" /></Fields></Key><Key Id="10223" KeyType="3"><Fields><Field Id="10574" /></Fields></Key><Key Id="10224" KeyType="3"><Fields><Field Id="10576" /></Fields></Key><Key Id="10225" KeyType="3"><Fields><Field Id="10578" /></Fields></Key><Key Id="10226" KeyType="3"><Fields><Field Id="10579" /></Fields></Key><Key Id="10227" KeyType="3"><Fields><Field Id="10578" /><Field Id="10579" /></Fields></Key></Keys><Fields><Field Id="10572" Label="ID" Description="System Field" Name="ID" DataTypeName="Integer" DataType="1" IsNullable="False" IsList="False" IsLookup="False" IsCoReadOnly="False" IsAutoUpdate="False" IsSequence="False" IsSystemField="True" /><Field Id="10573" Label="Date Created" Description="System Field" Name="CreatedTime" DataTypeName="Date Time" DataType="5" IsNullable="True" IsList="False" IsLookup="False" IsCoReadOnly="True" IsAutoUpdate="False" IsSequence="False" IsSystemField="True" ServerDefaultValue="curTime" /><Field Id="10574" Label="Created By" Description="System Field" Name="CreatedByAccount" DataTypeName="Menu" DataType="6" IsNullable="True" IsList="False" IsLookup="False" IsCoReadOnly="True" IsAutoUpdate="False" IsSequence="False" IsSystemField="True" ServerDefaultValue="curAdminUser" OptListId="2" /><Field Id="10575" Label="Date Last Updated" Description="System Field" Name="UpdatedTime" DataTypeName="Date Time" DataType="5" IsNullable="True" IsList="False" IsLookup="False" IsCoReadOnly="True" IsAutoUpdate="True" IsSequence="False" IsSystemField="True" ServerDefaultValue="curTime" /><Field Id="10576" Label="Updated By" Description="System Field" Name="UpdatedByAccount" DataTypeName="Menu" DataType="6" IsNullable="True" IsList="False" IsLookup="False" IsCoReadOnly="True" IsAutoUpdate="True" IsSequence="False" IsSystemField="True" ServerDefaultValue="curAdminUser" OptListId="2" /><Field Id="10577" Label="Notes" Description="Notes for the object" Name="Notes" DataTypeName="Notes" DataType="16" IsNullable="True" IsList="True" IsLookup="False" IsCoReadOnly="False" IsAutoUpdate="False" IsSequence="False" IsSystemField="True" /><Field Id="10578" Label="DeviceId" Name="DeviceId" DataTypeName="Text" DataType="2" IsNullable="False" IsList="False" IsLookup="False" IsCoReadOnly="False" IsAutoUpdate="False" IsSequence="False" IsSystemField="False" MaxLength="40" Pattern="" Usage="PlainText" /><Field Id="10579" Label="ModelName" Name="Model" DataTypeName="Text" DataType="2" IsNullable="False" IsList="False" IsLookup="True" IsCoReadOnly="False" IsAutoUpdate="False" IsSequence="False" IsSystemField="False" MaxLength="40" Pattern="" Usage="PlainText" /></Fields><Notes /></CustomObject><!--T3mE8OPOa19teI53kIQpvDPJYl/GUSBwslc=-->