﻿<CustomObject Id="10075" Name="ModelNodes" CoLabel="ModelNodes" Description="Object to map 3D model nodes to a device." DesignerData="" IsAgentVisible="True" IsAnalyticsVisible="True" IsSubclass="False" IsMenu="False" IsMenuOnlyClass="False" HasLabels="False" HasDescription="False" HasNotes="True" HasFileAttachment="False" IsLogTransactionsEnabled="True" HasUserTransactions="False" HasSequence="False" AllowsSPMSuppression="False"><Package Name="AR" Id="25" /><InterfaceLabels><InterfaceLabel Language="en_US" Label="ModelNodes" Description="Object to map 3D model nodes to a device." /></InterfaceLabels><Keys><Key Id="10217" KeyType="1"><Fields><Field Id="10564" /></Fields></Key><Key Id="10218" KeyType="3"><Fields><Field Id="10566" /></Fields></Key><Key Id="10219" KeyType="3"><Fields><Field Id="10568" /></Fields></Key><Key Id="10220" KeyType="3"><Fields><Field Id="10569" /></Fields></Key><Key Id="10221" KeyType="3"><Fields><Field Id="10570" /></Fields></Key></Keys><Fields><Field Id="10564" Label="ID" Description="System Field" Name="ID" DataTypeName="Integer" DataType="1" IsNullable="False" IsList="False" IsLookup="False" IsCoReadOnly="False" IsAutoUpdate="False" IsSequence="False" IsSystemField="True" /><Field Id="10565" Label="Date Created" Description="System Field" Name="CreatedTime" DataTypeName="Date Time" DataType="5" IsNullable="True" IsList="False" IsLookup="False" IsCoReadOnly="True" IsAutoUpdate="False" IsSequence="False" IsSystemField="True" ServerDefaultValue="curTime" /><Field Id="10566" Label="Created By" Description="System Field" Name="CreatedByAccount" DataTypeName="Menu" DataType="6" IsNullable="True" IsList="False" IsLookup="False" IsCoReadOnly="True" IsAutoUpdate="False" IsSequence="False" IsSystemField="True" ServerDefaultValue="curAdminUser" OptListId="2" /><Field Id="10567" Label="Date Last Updated" Description="System Field" Name="UpdatedTime" DataTypeName="Date Time" DataType="5" IsNullable="True" IsList="False" IsLookup="False" IsCoReadOnly="True" IsAutoUpdate="True" IsSequence="False" IsSystemField="True" ServerDefaultValue="curTime" /><Field Id="10568" Label="Updated By" Description="System Field" Name="UpdatedByAccount" DataTypeName="Menu" DataType="6" IsNullable="True" IsList="False" IsLookup="False" IsCoReadOnly="True" IsAutoUpdate="True" IsSequence="False" IsSystemField="True" ServerDefaultValue="curAdminUser" OptListId="2" /><Field Id="10571" Label="Notes" Description="Notes for the object" Name="Notes" DataTypeName="Notes" DataType="16" IsNullable="True" IsList="True" IsLookup="False" IsCoReadOnly="False" IsAutoUpdate="False" IsSequence="False" IsSystemField="True" /><Field Id="10569" Label="Models" Name="Model" DataTypeName="Integer" DataType="1" IsNullable="False" IsList="False" IsLookup="False" IsCoReadOnly="False" IsAutoUpdate="False" IsSequence="False" IsSystemField="False" /><Field Id="10570" Label="Node" Name="Node" DataTypeName="Text" DataType="2" IsNullable="False" IsList="False" IsLookup="True" IsCoReadOnly="False" IsAutoUpdate="False" IsSequence="False" IsSystemField="False" MaxLength="40" Pattern="" Usage="PlainText" /></Fields><Notes /></CustomObject><!--XU02F9SMLcFZUVFxG44aCvfXblz6HpjX-->