﻿<CustomObject Id="10074" Name="Stream" CoLabel="Stream" Description="Captures streams of AR events" DesignerData="" IsAgentVisible="True" IsAnalyticsVisible="True" IsSubclass="False" IsMenu="False" IsMenuOnlyClass="False" HasLabels="False" HasDescription="False" HasNotes="False" HasFileAttachment="True" IsLogTransactionsEnabled="True" HasUserTransactions="False" HasSequence="False" AllowsSPMSuppression="False"><Package Name="AR" Id="25" /><InterfaceLabels><InterfaceLabel Language="en_US" Label="Stream" Description="Captures streams of AR events" /></InterfaceLabels><Keys><Key Id="10208" KeyType="1"><Fields><Field Id="10553" /></Fields></Key><Key Id="10209" KeyType="3"><Fields><Field Id="10555" /></Fields></Key><Key Id="10210" KeyType="3"><Fields><Field Id="10558" /></Fields></Key><Key Id="10211" KeyType="3"><Fields><Field Id="10559" /></Fields></Key><Key Id="10212" KeyType="3"><Fields><Field Id="10558" /><Field Id="10559" /></Fields></Key><Key Id="10213" KeyType="3"><Fields><Field Id="10558" /><Field Id="10555" /></Fields></Key><Key Id="10214" KeyType="3"><Fields><Field Id="10555" /><Field Id="10558" /><Field Id="10559" /></Fields></Key><Key Id="10215" KeyType="3"><Fields><Field Id="10562" /></Fields></Key><Key Id="10216" KeyType="3"><Fields><Field Id="10563" /></Fields></Key></Keys><Fields><Field Id="10553" Label="ID" Description="System Field" Name="ID" DataTypeName="Integer" DataType="1" IsNullable="False" IsList="False" IsLookup="True" IsCoReadOnly="False" IsAutoUpdate="False" IsSequence="False" IsSystemField="True" /><Field Id="10554" Label="Date Created" Description="System Field" Name="CreatedTime" DataTypeName="Date Time" DataType="5" IsNullable="True" IsList="False" IsLookup="False" IsCoReadOnly="True" IsAutoUpdate="False" IsSequence="False" IsSystemField="True" ServerDefaultValue="curTime" /><Field Id="10560" Label="File Attachments" Description="File Attachments for the object" Name="FileAttachments" DataTypeName="Files" DataType="17" IsNullable="True" IsList="True" IsLookup="False" IsCoReadOnly="False" IsAutoUpdate="False" IsSequence="False" IsSystemField="True" /><Field Id="10555" Label="EventName" Name="EventName" DataTypeName="Text" DataType="2" IsNullable="False" IsList="False" IsLookup="False" IsCoReadOnly="False" IsAutoUpdate="False" IsSequence="False" IsSystemField="False" MaxLength="100" Pattern="" Usage="PlainText" /><Field Id="10556" Label="StartTime" Name="StartTime" DataTypeName="Date Time" DataType="5" IsNullable="True" IsList="False" IsLookup="False" IsCoReadOnly="False" IsAutoUpdate="False" IsSequence="False" IsSystemField="False" /><Field Id="10557" Label="EndTime" Name="EndTime" DataTypeName="Date Time" DataType="5" IsNullable="True" IsList="False" IsLookup="False" IsCoReadOnly="False" IsAutoUpdate="False" IsSequence="False" IsSystemField="False" /><Field Id="10558" Label="NodeName" Name="NodeName" DataTypeName="Text" DataType="2" IsNullable="False" IsList="False" IsLookup="False" IsCoReadOnly="False" IsAutoUpdate="False" IsSequence="False" IsSystemField="False" MaxLength="100" Pattern="" Usage="PlainText" /><Field Id="10559" Label="UIElementName" Name="UIElementName" DataTypeName="Text" DataType="2" IsNullable="True" IsList="False" IsLookup="False" IsCoReadOnly="False" IsAutoUpdate="False" IsSequence="False" IsSystemField="False" MaxLength="100" Pattern="" Usage="PlainText" /><Field Id="10561" Label="Screenshot" Description="Base64 Encoded sceenshot of the event (JPG)" Name="Screenshot" DataTypeName="Text" DataType="2" IsNullable="True" IsList="False" IsLookup="False" IsCoReadOnly="False" IsAutoUpdate="False" IsSequence="False" IsSystemField="False" MaxLength="" Pattern="" Usage="LongText" /><Field Id="10562" Label="Contact" Name="Contact" DataTypeName="Integer" DataType="1" IsNullable="True" IsList="False" IsLookup="False" IsCoReadOnly="False" IsAutoUpdate="False" IsSequence="False" IsSystemField="False" /><Field Id="10563" Label="Account" Name="Account" DataTypeName="Integer" DataType="1" IsNullable="True" IsList="False" IsLookup="False" IsCoReadOnly="False" IsAutoUpdate="False" IsSequence="False" IsSystemField="False" /></Fields><Notes /></CustomObject><!--9uSYO/cbIVSDo9GlP9j00FvqDLa13xrV9is=-->