<?xml version = '1.0' encoding = 'UTF-8'?>
<mds:customization version="11.1.1.71.67" xmlns:mds="http://xmlns.oracle.com/mds" motype_local_name="PDefEntityObject" motype_nsuri="http://xmlns.oracle.com/bc4j" application-id="ORA_CRM_UIAPP">
   <mds:insert parent="ServiceRequestEO" position="last">
      <Attribute Name="AR_DeviceID_c" Precision="80" ColumnName="EXTN_ATTRIBUTE_CHAR001" Type="java.lang.String" ColumnType="VARCHAR2(255)" SQLType="VARCHAR" xmlns="http://xmlns.oracle.com/bc4j">
         <Properties>
            <Property Name="AttributeType" Value="Text"/>
            <Property Name="description_ResId" Value="${adfBundle['oracle.adf.businesseditor.model.util.BaseRuntimeResourceBundle']['persdef.oracle.apps.crm.service.svcMgmt.srMgmt.model.entity.ServiceRequestEO.AR_DeviceID_c_description']}"/>
            <Property Name="DISPLAYWIDTH" Value="30"/>
            <Property Name="ExtnCustom" Value="Y"/>
            <Property Name="Indexed" Value="Y"/>
            <Property Name="LABEL_ResId" Value="${adfBundle['oracle.adf.businesseditor.model.util.BaseRuntimeResourceBundle']['persdef.oracle.apps.crm.service.svcMgmt.srMgmt.model.entity.ServiceRequestEO.AR_DeviceID_c_LABEL']}"/>
            <Property Name="TOOLTIP_ResId" Value="${adfBundle['oracle.adf.businesseditor.model.util.BaseRuntimeResourceBundle']['persdef.oracle.apps.crm.service.svcMgmt.srMgmt.model.entity.ServiceRequestEO.AR_DeviceID_c_TOOLTIP']}"/>
            <Property Name="protectionKey" Value="ServiceRequestEO.AR_DeviceID_c"/>
            <Property Name="protectionObjectTitle_ResId" Value="${adfBundle['oracle.apps.service.svcMgmt.resource.SvcMgmtAttrBundle']['ColAttr.ServiceRequest.ServiceRequestVO.ServiceRequestVO']}"/>
            <Property Name="protectionState" Value="TOKENIZED"/>
         </Properties>
      </Attribute>
   </mds:insert>
   <mds:insert parent="ServiceRequestEO" position="last">
      <Attribute Name="AR_Temperature_c" IsQueriable="false" Precision="10" ColumnName="EXTN_ATTRIBUTE_CHAR003" Type="java.lang.String" ColumnType="VARCHAR2(255)" SQLType="VARCHAR" xmlns="http://xmlns.oracle.com/bc4j">
         <Properties>
            <Property Name="AttributeType" Value="Text"/>
            <Property Name="description_ResId" Value="${adfBundle['oracle.adf.businesseditor.model.util.BaseRuntimeResourceBundle']['persdef.oracle.apps.crm.service.svcMgmt.srMgmt.model.entity.ServiceRequestEO.AR_Temperature_c_description']}"/>
            <Property Name="DISPLAYWIDTH" Value="30"/>
            <Property Name="ExtnCustom" Value="Y"/>
            <Property Name="LABEL_ResId" Value="${adfBundle['oracle.adf.businesseditor.model.util.BaseRuntimeResourceBundle']['persdef.oracle.apps.crm.service.svcMgmt.srMgmt.model.entity.ServiceRequestEO.AR_Temperature_c_LABEL']}"/>
            <Property Name="TOOLTIP_ResId" Value="${adfBundle['oracle.adf.businesseditor.model.util.BaseRuntimeResourceBundle']['persdef.oracle.apps.crm.service.svcMgmt.srMgmt.model.entity.ServiceRequestEO.AR_Temperature_c_TOOLTIP']}"/>
            <Property Name="protectionKey" Value="ServiceRequestEO.AR_Temperature_c"/>
            <Property Name="protectionObjectTitle_ResId" Value="${adfBundle['oracle.apps.service.svcMgmt.resource.SvcMgmtAttrBundle']['ColAttr.ServiceRequest.ServiceRequestVO.ServiceRequestVO']}"/>
            <Property Name="protectionState" Value="TOKENIZED"/>
         </Properties>
      </Attribute>
   </mds:insert>
   <mds:insert parent="ServiceRequestEO" position="last">
      <Attribute Name="AR_RPM_c" IsQueriable="false" Precision="10" ColumnName="EXTN_ATTRIBUTE_CHAR004" Type="java.lang.String" ColumnType="VARCHAR2(255)" SQLType="VARCHAR" xmlns="http://xmlns.oracle.com/bc4j">
         <Properties>
            <Property Name="AttributeType" Value="Text"/>
            <Property Name="description_ResId" Value="${adfBundle['oracle.adf.businesseditor.model.util.BaseRuntimeResourceBundle']['persdef.oracle.apps.crm.service.svcMgmt.srMgmt.model.entity.ServiceRequestEO.AR_RPM_c_description']}"/>
            <Property Name="DISPLAYWIDTH" Value="30"/>
            <Property Name="ExtnCustom" Value="Y"/>
            <Property Name="LABEL_ResId" Value="${adfBundle['oracle.adf.businesseditor.model.util.BaseRuntimeResourceBundle']['persdef.oracle.apps.crm.service.svcMgmt.srMgmt.model.entity.ServiceRequestEO.AR_RPM_c_LABEL']}"/>
            <Property Name="TOOLTIP_ResId" Value="${adfBundle['oracle.adf.businesseditor.model.util.BaseRuntimeResourceBundle']['persdef.oracle.apps.crm.service.svcMgmt.srMgmt.model.entity.ServiceRequestEO.AR_RPM_c_TOOLTIP']}"/>
            <Property Name="protectionKey" Value="ServiceRequestEO.AR_RPM_c"/>
            <Property Name="protectionObjectTitle_ResId" Value="${adfBundle['oracle.apps.service.svcMgmt.resource.SvcMgmtAttrBundle']['ColAttr.ServiceRequest.ServiceRequestVO.ServiceRequestVO']}"/>
            <Property Name="protectionState" Value="TOKENIZED"/>
         </Properties>
      </Attribute>
   </mds:insert>
   <mds:insert parent="ServiceRequestEO" position="last">
      <Attribute Name="AR_Sound_c" IsQueriable="false" Precision="10" ColumnName="EXTN_ATTRIBUTE_CHAR005" Type="java.lang.String" ColumnType="VARCHAR2(255)" SQLType="VARCHAR" xmlns="http://xmlns.oracle.com/bc4j">
         <Properties>
            <Property Name="AttributeType" Value="Text"/>
            <Property Name="description_ResId" Value="${adfBundle['oracle.adf.businesseditor.model.util.BaseRuntimeResourceBundle']['persdef.oracle.apps.crm.service.svcMgmt.srMgmt.model.entity.ServiceRequestEO.AR_Sound_c_description']}"/>
            <Property Name="DISPLAYWIDTH" Value="30"/>
            <Property Name="ExtnCustom" Value="Y"/>
            <Property Name="LABEL_ResId" Value="${adfBundle['oracle.adf.businesseditor.model.util.BaseRuntimeResourceBundle']['persdef.oracle.apps.crm.service.svcMgmt.srMgmt.model.entity.ServiceRequestEO.AR_Sound_c_LABEL']}"/>
            <Property Name="TOOLTIP_ResId" Value="${adfBundle['oracle.adf.businesseditor.model.util.BaseRuntimeResourceBundle']['persdef.oracle.apps.crm.service.svcMgmt.srMgmt.model.entity.ServiceRequestEO.AR_Sound_c_TOOLTIP']}"/>
            <Property Name="protectionKey" Value="ServiceRequestEO.AR_Sound_c"/>
            <Property Name="protectionObjectTitle_ResId" Value="${adfBundle['oracle.apps.service.svcMgmt.resource.SvcMgmtAttrBundle']['ColAttr.ServiceRequest.ServiceRequestVO.ServiceRequestVO']}"/>
            <Property Name="protectionState" Value="TOKENIZED"/>
         </Properties>
      </Attribute>
   </mds:insert>
   <mds:insert parent="ServiceRequestEO" position="last">
      <Attribute Name="AR_Vibration_c" IsQueriable="false" Precision="10" ColumnName="EXTN_ATTRIBUTE_CHAR006" Type="java.lang.String" ColumnType="VARCHAR2(255)" SQLType="VARCHAR" xmlns="http://xmlns.oracle.com/bc4j">
         <Properties>
            <Property Name="AttributeType" Value="Text"/>
            <Property Name="description_ResId" Value="${adfBundle['oracle.adf.businesseditor.model.util.BaseRuntimeResourceBundle']['persdef.oracle.apps.crm.service.svcMgmt.srMgmt.model.entity.ServiceRequestEO.AR_Vibration_c_description']}"/>
            <Property Name="DISPLAYWIDTH" Value="30"/>
            <Property Name="ExtnCustom" Value="Y"/>
            <Property Name="LABEL_ResId" Value="${adfBundle['oracle.adf.businesseditor.model.util.BaseRuntimeResourceBundle']['persdef.oracle.apps.crm.service.svcMgmt.srMgmt.model.entity.ServiceRequestEO.AR_Vibration_c_LABEL']}"/>
            <Property Name="TOOLTIP_ResId" Value="${adfBundle['oracle.adf.businesseditor.model.util.BaseRuntimeResourceBundle']['persdef.oracle.apps.crm.service.svcMgmt.srMgmt.model.entity.ServiceRequestEO.AR_Vibration_c_TOOLTIP']}"/>
            <Property Name="protectionKey" Value="ServiceRequestEO.AR_Vibration_c"/>
            <Property Name="protectionObjectTitle_ResId" Value="${adfBundle['oracle.apps.service.svcMgmt.resource.SvcMgmtAttrBundle']['ColAttr.ServiceRequest.ServiceRequestVO.ServiceRequestVO']}"/>
            <Property Name="protectionState" Value="TOKENIZED"/>
         </Properties>
      </Attribute>
   </mds:insert>
   <mds:modify element="ServiceRequestEO">
      <mds:attribute name="StaticDef" value="oracle.apps.crm.service.svcMgmt.srMgmt.model.entity.ServiceRequestEO"/>
      <mds:attribute name="MajorVersion" value="10"/>
      <mds:attribute name="MinorVersion" value="0"/>
      <mds:attribute name="EmptyDoc" value="false"/>
      <mds:attribute name="Version" value="11.1.1.71.67"/>
   </mds:modify>
</mds:customization>
